line,mod
122,0.25
121,0.22727
120,0.20455
119,0.18182
118,0.15909
117,0.13636
116,0.11364
115,0.09091
114,0.06818
113,0.04545
112,0.02273
111,0
110,-0.02273
109,-0.04545
108,-0.06818
107,-0.09091
106,-0.11364
105,-0.13636
104,-0.15909
103,-0.18182
102,-0.20455
101,-0.22727
100,-0.25
