matchup,odds
LL,1.9369317116972988
LR,2.3842622350268576
RL,2.192268187071041
RR,2.0975580040702666
