matchup,odds
LL,0.4610058479252411
LR,0.5222255615112226
RL,0.49094361586710744
RR,0.47920605663030064
