matchup,odds
LL,0.4523975966214527
LR,0.5097127772192206
RL,0.4884271942844214
RR,0.47170463611844443
