matchup,odds
LL,1.2539727448484002
LR,1.3587342033676557
RL,1.6520110830313914
RR,1.3526424914314796
