matchup,odds
LL,1.7694288126885933
LR,2.216621478479727
RL,2.145925365125798
RR,1.9154126171082428
