matchup,odds
LL,0.4610058479252411
LR,0.5031152271003861
RL,0.5069096234408199
RR,0.47920605663030064
